capacity,case,hitRateDifferencePercentagePoints,kind,loadingcacheAllocationBytesPerOperation,loadingcacheEndResidentFractionMax,loadingcacheEndResidentFractionMedian,loadingcacheEndResidentFractionMin,loadingcache_max,loadingcache_median,loadingcache_min,memorycacheAllocationBytesPerOperation,memorycacheEndResidentFractionMax,memorycacheEndResidentFractionMedian,memorycacheEndResidentFractionMin,memorycache_max,memorycache_median,memorycache_min,metric,operations,runtime,seed,statistics,trace_kind,workers
256,064-trace,0.0,trace,465.8689880371094,1.01953125,1.0,1.0,0.0,0.0,0.0,122.59474182128906,1.0,0.953125,0.953125,0.0,0.0,0.0,hitRatio,262144,8,419,off,scan,1
256,064-trace,0.0,trace,464.3383483886719,1.47265625,1.03515625,1.0,0.0,0.0,0.0,125.38108825683594,1.0,1.0,1.0,0.0,0.0,0.0,hitRatio,262144,10,419,off,scan,1
256,065-trace,0.7425308227539062,trace,348.83013916015625,1.0,1.0,1.0,0.25733184814453125,0.2563667297363281,0.255035400390625,98.55082702636719,1.0,0.953125,0.953125,0.2501945495605469,0.24894142150878906,0.24834060668945312,hitRatio,262144,8,419,off,uniform,1
256,065-trace,0.9975433349609375,trace,347.45704650878906,1.0,1.0,1.0,0.2635078430175781,0.2598381042480469,0.257232666015625,95.91104125976562,1.0,1.0,1.0,0.2511482238769531,0.2498626708984375,0.24909591674804688,hitRatio,262144,10,419,off,uniform,1
256,066-trace,0.811767578125,trace,74.74618530273438,1.0,1.0,1.0,0.8491897583007812,0.8469696044921875,0.8350563049316406,26.021728515625,1.0,0.990234375,0.953125,0.8411445617675781,0.8388519287109375,0.8348312377929688,hitRatio,262144,8,419,off,zipf,1
256,066-trace,0.7101058959960938,trace,75.06881713867188,1.046875,1.0,1.0,0.8506011962890625,0.8464641571044922,0.8449249267578125,25.327865600585938,1.0,1.0,1.0,0.8404121398925781,0.8393630981445312,0.8382415771484375,hitRatio,262144,10,419,off,zipf,1
256,067-trace,-0.0415802001953125,trace,117.48054504394531,1.87109375,1.0,1.0,0.74951171875,0.7490501403808594,0.7484588623046875,35.528076171875,1.0,1.0,0.953125,0.7494659423828125,0.7494659423828125,0.7489776611328125,hitRatio,262144,8,419,off,hotset-scan,1
256,067-trace,-0.09822845458984375,trace,117.18559265136719,1.72265625,1.052734375,1.0,0.7494583129882812,0.7484836578369141,0.7446136474609375,32.91526794433594,1.0,1.0,1.0,0.7494659423828125,0.7494659423828125,0.7494659423828125,hitRatio,262144,10,419,off,hotset-scan,1
256,068-trace,0.0,trace,0.5894775390625,1.0,1.0,1.0,0.9990234375,0.9990234375,0.9990234375,0.234771728515625,1.0,1.0,1.0,0.9990234375,0.9990234375,0.9990234375,hitRatio,262144,8,419,off,phase,1
256,068-trace,0.0,trace,0.5894775390625,1.0,1.0,1.0,0.9990234375,0.9990234375,0.9990234375,0.234771728515625,1.0,1.0,1.0,0.9990234375,0.9990234375,0.9990234375,hitRatio,262144,10,419,off,phase,1
256,069-trace,-2.1356582641601562,trace,69.28138732910156,1.0,1.0,1.0,0.8597488403320312,0.8530254364013672,0.8219871520996094,24.178909301757812,1.0,0.9765625,0.953125,0.8746566772460938,0.8743820190429688,0.8704795837402344,hitRatio,262144,8,419,off,cycle,1
256,069-trace,5.139732360839844,trace,34.453643798828125,1.125,1.107421875,1.01171875,0.9704971313476562,0.9274158477783203,0.8810653686523438,23.928268432617188,1.0,1.0,0.953125,0.8789405822753906,0.8760185241699219,0.867919921875,hitRatio,262144,10,419,off,cycle,1
4096,070-trace,0.0,trace,470.17396545410156,1.012451171875,1.0,1.0,0.0,0.0,0.0,135.90386962890625,1.0,1.0,0.9501953125,0.0,0.0,0.0,hitRatio,262144,8,419,off,scan,1
4096,070-trace,0.0,trace,468.63682556152344,1.0,1.0,1.0,0.0,0.0,0.0,135.80531311035156,1.0,1.0,1.0,0.0,0.0,0.0,hitRatio,262144,10,419,off,scan,1
4096,071-trace,0.0911712646484375,trace,356.7814483642578,1.0,1.0,1.0,0.24916458129882812,0.24846649169921875,0.24784088134765625,101.44853210449219,1.0,1.0,0.980712890625,0.24824905395507812,0.24755477905273438,0.2465667724609375,hitRatio,262144,8,419,off,uniform,1
4096,071-trace,0.096893310546875,trace,356.9032897949219,1.00146484375,1.0,1.0,0.24949264526367188,0.2486572265625,0.24801254272460938,101.185546875,1.0,1.0,1.0,0.24838638305664062,0.24768829345703125,0.24700164794921875,hitRatio,262144,10,419,off,uniform,1
4096,072-trace,1.0265350341796875,trace,58.186553955078125,1.0,1.0,1.0,0.892333984375,0.8918170928955078,0.8898162841796875,23.598831176757812,1.0,1.0,1.0,0.88226318359375,0.8815517425537109,0.8809928894042969,hitRatio,262144,8,419,off,zipf,1
4096,072-trace,1.0974884033203125,trace,57.53657531738281,1.0,1.0,1.0,0.8927078247070312,0.8918342590332031,0.8898048400878906,23.105819702148438,1.0,1.0,0.962158203125,0.8813552856445312,0.880859375,0.8804054260253906,hitRatio,262144,10,419,off,zipf,1
4096,073-trace,1.0931015014648438,trace,124.90007019042969,1.0,1.0,1.0,0.7418632507324219,0.7416248321533203,0.740997314453125,40.22023010253906,1.0,1.0,1.0,0.7318038940429688,0.7306938171386719,0.7276153564453125,hitRatio,262144,8,419,off,hotset-scan,1
4096,073-trace,-0.27980804443359375,trace,128.3302001953125,1.0,1.0,1.0,0.7420806884765625,0.7386112213134766,0.7338714599609375,39.0196533203125,1.0,1.0,1.0,0.7414093017578125,0.7414093017578125,0.7140007019042969,hitRatio,262144,10,419,off,hotset-scan,1
4096,074-trace,0.0,trace,10.285736083984375,1.0,1.0,1.0,0.984375,0.984375,0.984375,4.425628662109375,1.0,1.0,1.0,0.984375,0.984375,0.984375,hitRatio,262144,8,419,off,phase,1
4096,074-trace,0.0,trace,10.285736083984375,1.0,1.0,1.0,0.984375,0.984375,0.984375,4.425628662109375,1.0,1.0,1.0,0.984375,0.984375,0.984375,hitRatio,262144,10,419,off,phase,1
4096,075-trace,-2.9972076416015625,trace,81.25880432128906,1.0,1.0,1.0,0.8422012329101562,0.8341617584228516,0.8296585083007812,26.615859985351562,1.0,1.0,0.9501953125,0.8659591674804688,0.8641338348388672,0.8539886474609375,hitRatio,262144,8,419,off,cycle,1
4096,075-trace,-3.0040740966796875,trace,80.88497924804688,1.001953125,1.0,1.0,0.8408241271972656,0.8348426818847656,0.8280181884765625,24.589447021484375,1.0,0.9501953125,0.9501953125,0.8664398193359375,0.8648834228515625,0.8632431030273438,hitRatio,262144,10,419,off,cycle,1
