capacity,workers,writes_per_worker,statistics,value_mode,net8_whole_process_mean_bytes_per_write,net8_workers_mean_bytes_per_write,net8_drain_process_mean_bytes_per_write,net10_whole_process_mean_bytes_per_write,net10_workers_mean_bytes_per_write,net10_drain_process_mean_bytes_per_write,caffeine_jmh_gc_mean_bytes_per_write
1024,1,512,off,changed,243.36007232666014,151.33044891357423,6.770332336425781,245.38558349609374,153.44692687988282,9.085606384277344,92.6582839467323
1024,1,512,off,same,244.32520904541016,156.24624786376953,5.943968200683594,246.10784301757812,153.9271240234375,8.722059631347657,91.37798154026298
1024,1,512,on,changed,243.53955841064453,150.4256103515625,8.035618591308594,248.38028869628906,154.54794006347657,11.16857452392578,91.04417759963694
1024,1,512,on,same,244.21670837402343,150.68499145507812,7.824696350097656,244.91453857421874,151.94276275634766,10.157254028320313,96.59521232835226
1024,1,4096,off,changed,439.6411468505859,288.58051147460935,0.6728912353515625,434.5553344726562,321.4119018554687,1.9532302856445312,162.67850857366707
1024,1,4096,off,same,439.9754409790039,286.0556243896484,0.634033203125,434.31349487304686,338.68203125,2.226368713378906,161.69409960653374
1024,1,4096,on,changed,439.41287689208986,288.965510559082,0.9853683471679687,432.3157455444336,327.5814712524414,2.6196990966796876,162.63815711562287
1024,1,4096,on,same,436.81797943115237,288.64952850341797,1.1108428955078125,435.78716735839845,314.956494140625,1.8213272094726562,162.7362536836496
1024,4,512,off,changed,402.51047973632814,300.33716583251953,2.094618225097656,399.93338165283205,302.5658554077148,2.8703094482421876,149.30727766530902
1024,4,512,off,same,401.30286865234376,317.36865997314453,2.3981231689453124,396.02413177490234,331.9943389892578,3.953515625,150.8644078478169
1024,4,512,on,changed,402.05409088134763,291.6394500732422,2.213175964355469,402.9596237182617,304.32386474609376,3.7926239013671874,150.65999347178288
1024,4,512,on,same,403.0586868286133,303.1210433959961,2.579412841796875,402.3912353515625,329.48189239501954,4.554505920410156,152.36708725677894
1024,4,4096,off,changed,436.4778396606445,378.30426025390625,0.080029296875,435.1242950439453,392.7729553222656,0.226629638671875,168.12686946623103
1024,4,4096,off,same,436.4515914916992,378.1577743530273,0.06303253173828124,435.3777160644531,389.9657012939453,0.2589080810546875,168.12425949672675
1024,4,4096,on,changed,434.86634521484376,395.01995544433595,0.1150177001953125,434.2161895751953,403.5460922241211,0.33279266357421877,168.1558980634796
1024,4,4096,on,same,434.67628479003906,398.6897506713867,0.09133148193359375,434.9467742919922,396.453141784668,0.3368316650390625,168.1302867195026
1024,10,512,off,changed,435.1551712740385,394.8312590144231,0.16075420673076923,434.0797761418269,403.26787560096153,0.6733849158653846,166.76017926741855
1024,10,512,off,same,434.01830829326923,401.07677283653845,0.24433443509615385,434.70123798076924,402.01462139423074,0.6256760817307693,166.79987411752415
1024,10,512,on,changed,435.14528395432694,392.6049894831731,0.5498783052884616,434.86613131009614,400.01704777644227,1.02443359375,166.78206912689637
1024,10,512,on,same,433.59180438701924,399.3004747596154,0.6348707932692308,434.1895612980769,397.12668569711536,0.9326622596153846,166.87199461048093
1024,10,4096,off,changed,433.47551513671874,418.22880126953123,0.006254882812499999,433.3723937988281,419.84045166015625,0.053145751953125,168.10405296573882
1024,10,4096,off,same,433.660888671875,416.2050634765625,0.007479248046875,433.41194580078127,419.5740759277344,0.033658447265625,168.10681603391873
1024,10,4096,on,changed,433.4825756835937,420.187724609375,0.008284912109375,433.70478271484376,413.229248046875,0.043223876953125,168.10195390663296
1024,10,4096,on,same,433.55084838867185,419.58459228515625,0.014676513671875,433.33162475585937,420.96177856445314,0.038568115234375,168.09037129404945
16384,1,512,off,changed,6.377296447753906,0.8852310180664062,4.827323913574219,6.122492980957031,0.9308349609375,4.619717407226562,0.19772671712678802
16384,1,512,off,same,6.3773193359375,0.8439682006835938,4.8062896728515625,6.126197814941406,0.8745071411132812,4.5443572998046875,0.1968926831268986
16384,1,512,on,changed,7.876420593261718,0.8754379272460937,6.350312805175781,7.62298583984375,0.8752944946289063,6.0661163330078125,0.1973266778026788
16384,1,512,on,same,7.878355407714844,0.8514938354492188,6.356529235839844,7.62034912109375,0.8799270629882813,6.099114990234375,0.19954425786085395
16384,1,4096,off,changed,10.025215148925781,6.495169067382813,0.6580291748046875,9.6340087890625,6.846739196777344,0.7020050048828125,0.13782358776631165
16384,1,4096,off,same,9.608702087402344,6.517695617675781,0.7289794921875,9.542062377929687,6.743913269042968,0.7076263427734375,0.11314684565661759
16384,1,4096,on,changed,9.735633850097656,6.369970703125,0.9441513061523438,10.070733642578125,7.116380310058593,0.794549560546875,0.11518057216708986
16384,1,4096,on,same,9.817045593261719,6.268824768066406,0.9051345825195313,10.113737487792969,7.058351135253906,0.82442626953125,0.10934051432254106
16384,4,512,off,changed,6.173933410644532,3.9775665283203123,1.2672805786132812,6.144692993164062,4.125624084472657,1.3811309814453125,0.197012668626695
16384,4,512,off,same,6.185227966308593,4.0161865234375,1.275457763671875,6.100181579589844,3.98294677734375,1.3350601196289062,0.21244016567779786
16384,4,512,on,changed,6.56160888671875,4.013795471191406,1.6446548461914063,6.488766479492187,4.073208618164062,1.6137115478515625,0.20721531979130725
16384,4,512,on,same,6.515592956542969,4.01004638671875,1.6933944702148438,6.463304138183593,4.127200317382813,1.6243743896484375,0.19883316485249092
16384,4,4096,off,changed,346.90809173583983,293.6481872558594,0.040081787109375,347.79085540771484,305.2755386352539,0.20623626708984374,132.02663408806487
16384,4,4096,off,same,346.70722045898435,294.86207885742186,0.04065093994140625,347.9741836547852,311.523176574707,0.2840667724609375,137.73984173327287
16384,4,4096,on,changed,346.0694320678711,294.17225646972656,0.096820068359375,347.78800506591796,295.39271087646483,0.26013031005859377,132.95860021666547
16384,4,4096,on,same,347.13355712890626,293.24888305664064,0.05598297119140625,347.9081100463867,305.2244384765625,0.25316314697265624,133.7191521481806
16384,10,512,off,changed,120.50856971153846,96.77705078125,0.46274639423076924,117.42486778846154,96.51751502403846,0.4583969350961538,39.60854654014395
16384,10,512,off,same,118.28831580528846,96.12504356971154,0.47978966346153845,117.84115685096154,96.88480018028847,0.47180739182692305,39.20322613315338
16384,10,512,on,changed,116.40114032451923,90.43203876201923,0.6069771634615384,116.632109375,96.08391676682692,0.6259164663461538,39.967606192578614
16384,10,512,on,same,119.33024489182692,97.40865084134614,0.710546875,115.29124248798077,93.74612830528847,0.5948061899038461,39.756045689884765
16384,10,4096,off,changed,405.80284912109374,373.7616162109375,0.008656005859375,406.7530139160156,379.6308312988281,0.0357861328125,156.88645674242846
16384,10,4096,off,same,405.78228759765625,383.4355126953125,0.0137353515625,406.4917919921875,387.7193408203125,0.042681884765625,155.44792082478517
16384,10,4096,on,changed,407.181083984375,383.0608227539063,0.012269287109375,407.108818359375,380.7605310058594,0.029888916015625,157.12333147061642
16384,10,4096,on,same,406.21718017578127,384.93714599609376,0.0075146484375,406.4410083007813,389.75932373046874,0.040782470703125,156.26151510847984
