case,capacity,residents,pattern,workers,statistics,net8_pooled_median_ns_per_operation,net8_round1_median_ns_per_operation,net8_round2_median_ns_per_operation,net10_pooled_median_ns_per_operation,net10_round1_median_ns_per_operation,net10_round2_median_ns_per_operation,caffeine_pooled_median_ns_per_operation,caffeine_round1_median_ns_per_operation,caffeine_round2_median_ns_per_operation,net8_over_caffeine_pooled,net8_over_caffeine_round1,net8_over_caffeine_round2,net10_over_caffeine_pooled,net10_over_caffeine_round1,net10_over_caffeine_round2
1024-1-hot-1-off,1024,1,hot,1,off,9.946547666171996,9.826436879363946,10.05324982822247,9.673624162366778,9.56535804881393,9.726662095641695,5.732545185533448,5.645113538951327,5.75363968571439,1.7351014853355071,1.740697828584218,1.7472852624371848,1.687492003862258,1.6944491873924032,1.6905233255728287
1024-1-hot-1-on,1024,1,hot,1,on,13.240600625258278,13.11583687400956,13.37203070658871,12.636823539515365,12.499170138089022,12.791198530615585,8.395873558933278,8.309631861743648,8.470009548490667,1.5770366874058233,1.5783896437570224,1.5787503697645264,1.5051231358849708,1.50417856603653,1.5101752196837772
1024-1-hot-4-off,1024,1,hot,4,off,2.5715577706367387,2.558128732418345,2.5724219120397196,2.518283661742897,2.5135918954721856,2.520336147973008,1.516842126758572,1.5112709779085243,1.5332502435151583,1.6953364659854546,1.692700230344254,1.677757380388303,1.6602147430625254,1.6632304412745302,1.643786562978029
1024-1-hot-4-on,1024,1,hot,4,on,3.438884583942249,3.437801125963603,3.4501236379348716,3.2911708724604027,3.291535321736712,3.2908064231840934,2.5424651444874797,2.2726991050745675,2.695452253791851,1.3525788510408363,1.5126512428713295,1.2799795036552326,1.2944802329330851,1.4482934913765086,1.2208735727203932
1024-1-hot-10-off,1024,1,hot,10,off,1.29887284639039,1.3120126577221405,1.2298221384374006,1.2080070459767664,1.2207099584091385,1.197251718047232,1.0065330465833373,1.0292947946330928,0.9669037900415622,1.2904423265578773,1.2746714202414933,1.2719177968932533,1.2001663036075465,1.185967290201131,1.238232521558084
1024-1-hot-10-on,1024,1,hot,10,on,1.6812718692098292,1.6907507454386512,1.6777678730176042,3.4661502039411807,3.3846769696379075,3.569706135750674,1.3118729800579163,1.261112493504377,1.3130739706756145,1.2815812923714647,1.3406819408634962,1.2777405618316722,2.6421385733458416,2.6838818797461705,2.7185872353512246
1024-1-hot-20-off,1024,1,hot,20,off,1.32302922611106,1.420085818227271,1.240415257554544,1.1736716745230067,1.195683559621004,1.1331742476735127,0.9814012404170774,0.979882420691739,0.9829200601424158,1.3481022558610147,1.4492410397818694,1.2619696228143105,1.195914195119845,1.2202316669554314,1.1528651144929594
1024-1-hot-20-on,1024,1,hot,20,on,1.958251632920988,1.978183545987052,1.878729748418123,2.2090726595727057,2.325967946223276,2.1363362093231975,1.3215955584512873,1.3226201159657192,1.3129740177446982,1.4817329101921064,1.495655118282145,1.4308963643052328,1.6715194337981956,1.758606207591933,1.6270970944214056
1024-1024-hot-1-off,1024,1024,hot,1,off,31.113491443681298,33.768053676699395,30.42055458431971,31.64164003217642,31.087071724996814,31.994483336882453,15.809064377048543,15.82002173288093,15.573773682925372,1.9680792424915154,2.1345137349915646,1.9533194204351327,2.001487202374447,1.9650460821039375,2.0543821933126116
1024-1024-hot-1-on,1024,1024,hot,1,on,45.92041387087893,44.276718622495245,50.037925728814436,43.50165147056523,45.168730055036534,43.29690894329668,20.57875590520689,20.588470527170017,20.421564058383517,2.231447522017598,2.150558904512335,2.450249431716408,2.1139106596603505,2.1938846790697077,2.120156361163841
1024-1024-hot-4-off,1024,1024,hot,4,off,10.310819053509945,10.321023380206904,10.300614726812984,8.269236364098928,8.340757463427444,8.211357844682638,4.595085010347388,5.0458234632158465,4.506971970003738,2.2438799348198453,2.045458675961886,2.2854845327126454,1.7995828903008206,1.6530022352608513,1.8219234331461414
1024-1024-hot-4-on,1024,1024,hot,4,on,20.01601908195273,23.695827686930055,15.203027723735408,13.246059448351865,13.807439038290264,13.123728322170422,6.617942680175593,6.656339660542205,6.275600584870822,3.0245077736789416,3.559888601748407,2.422561397611373,2.001537349066373,2.074329097137082,2.09123065508806
1024-1024-hot-10-off,1024,1024,hot,10,off,4.863513951181,4.7466888550785535,4.971533527174688,3.351932155145268,3.402201373604368,3.3118342407887065,1.369149119671284,1.3702267307811016,1.34167789679021,3.5522163957923523,3.464163082246024,3.705459811977551,2.4481863275419014,2.482947746658638,2.4684272199101134
1024-1024-hot-10-on,1024,1024,hot,10,on,10.934203974323648,10.995161430917353,10.873246517729944,7.838743262734423,8.202218453085393,7.651861481048501,2.68256095147845,2.5806954024141584,2.7388426906222842,4.076031885984711,4.2605421083913,3.9700149829559823,2.9221118940146456,3.1782977740854186,2.793830221519566
1024-1024-hot-20-off,1024,1024,hot,20,off,3.005864317274187,3.1260209363683478,2.938097394968973,2.6003204278911287,2.5247666021176807,2.611605665932823,1.2616320181619578,1.24716173946806,1.2701926642327876,2.3825206351796306,2.506508047385786,2.3131116071620683,2.0610767565010555,2.0244099239241775,2.0560704997538823
1024-1024-hot-20-on,1024,1024,hot,20,on,6.997796363020409,7.441136871882699,6.631138226243146,5.925059136467379,5.974748172487801,5.875370100446958,1.9860699638534518,2.053306269356942,1.9348643323155215,3.5234389978100302,3.623978060619825,3.427185108274452,2.9833083649134613,2.909818307017093,3.036579879177209
1024-1024-cycle-1-off,1024,1024,cycle,1,off,30.122177093758047,30.405765975249068,29.83858821226703,29.453120245430902,28.6832881153078,29.532041408376173,18.17954724447188,16.786165307515642,19.12731332589548,1.656926692875574,1.81135866460433,1.5599989242540462,1.6201239695002383,1.708745719456574,1.5439722717562363
1024-1024-cycle-1-on,1024,1024,cycle,1,on,47.788449393187776,48.30413917981502,44.98517388300322,43.104574993953534,44.47271850808288,42.7902697681169,24.68622599455985,24.076208657377737,24.913148361375754,1.9358345582560494,2.006301734098531,1.805680006014264,1.7460982089142572,1.847164524155882,1.717577768470927
1024-1024-cycle-4-off,1024,1024,cycle,4,off,6.800566376113501,7.350799219232159,6.397026163457131,8.059381796028157,7.930161017525413,8.453267309730876,4.609297713396623,4.4888621858397215,4.810873008299266,1.4754018505569944,1.6375640228876978,1.329701730314141,1.7485053683132876,1.7666305378100922,1.7571171168201891
1024-1024-cycle-4-on,1024,1024,cycle,4,on,11.532425313468615,11.53665536699388,11.52819525994335,12.93890465471706,13.120792058428476,12.038782092762414,7.10412770547412,7.216471662037823,7.027623663251907,1.6233414982929217,1.5986559508966605,1.6404115832532906,1.8213220807878951,1.8181727404889942,1.7130658483769297
1024-1024-cycle-10-off,1024,1024,cycle,10,off,4.455919310364147,4.443825352412187,4.4888882841722655,4.335630930212178,4.432953119611189,4.246930670133907,1.9720932586085091,1.8721499016193277,1.9767333194806764,2.2594871165008708,2.3736482578496907,2.2708618506777523,2.198491836674782,2.367840906209956,2.148459090703066
1024-1024-cycle-10-on,1024,1024,cycle,10,on,12.636953672659082,12.589632329252577,13.007896233590296,9.135888570781624,8.931417523976487,10.15177906920863,3.2714956682764,3.1525233577723792,3.451221868960702,3.8627450420305496,3.9935096113446726,3.76906983308711,2.7925724185949794,2.8331011416478646,2.941502880620575
1024-1024-cycle-20-off,1024,1024,cycle,20,off,3.4240460796647003,3.2463016849924253,3.4883876278989234,3.038522997723887,3.015938402878098,3.061107592569676,1.5329550369398195,1.4390963410896518,1.5476969649895034,2.233624598996716,2.255791771754765,2.2539216053334976,1.982134455678215,2.095716816703527,1.9778468665475715
1024-1024-cycle-20-on,1024,1024,cycle,20,on,7.9136936751250655,8.05845277129738,7.8854652786741095,6.880278118866669,6.256352713665229,7.1807958209325395,2.29020430958047,2.2674495446410337,2.3456568183237048,3.455453141023358,3.553972255013567,3.361730163199816,3.0042202305204073,2.759202615313625,3.0613156045837124
16384-16384-cycle-1-off,16384,16384,cycle,1,off,33.40913049577672,33.25235210191679,33.77297444498237,26.217028345181163,26.127059716091495,26.23997565861949,14.810916365484246,14.995901550360445,14.618005794243548,2.2557098879873663,2.2174293416268482,2.3103681117900425,1.7701152108506955,1.7422800242019125,1.7950448253996847
16384-16384-cycle-10-off,16384,16384,cycle,10,off,5.244821273014173,5.330000847368622,5.010400560401859,4.097214778476465,4.1364528463271295,4.0579767106258,1.817376539243497,1.88870100780238,1.6449343160994985,2.885929888363909,2.822045853393389,3.045957830269249,2.2544666391379606,2.190104642947243,2.4669536472727716
